{
    "elements" : [
        {
            "data-id": "applicant-firstname",
            "type": "text",
            "label": "First name",
            "validationRules": {
                "required": true,
                "max-length": 50
            }
        },
        {
            "data-id": "applicant-surname",
             "type": "text",
             "label": "Surname",
             "validationRules": {
                 "required": true,
                 "max-length": 50
             }        
        },
        {
            "data-id": "applicant-reason",
            "type": "choice",            
            "label": "Reason for loan",
            "options": [
                {"value": 1, "text": "Home Improvement"},
                {"value": 2, "text": "Vehicle"},
                {"value": 3, "text": "Debt Repayment"},
                {"value": 4, "text": "Holiday"}
            ],
            "validationRules": {
                "minChoices": 1,
                "maxChoices": 1
            }
        },
        {
            "data-id": "loan-amount",
            "type": "range",
            "label": "How much would you like to borrow",
            "min": 100,
            "max": 1000,
            "step": 10
        },
        {
            "data-id": "existing-customer",
            "type": "optiongroup",
            "label": "Do you have any other loans?",
            "options": ["Yes", "No"],
            "initalValue": "Yes",
            "validationRules": {
                "minChoices": 1,
                "maxChoices": 1
            }
        }
    ]
}